{
  "model": "GCN",
  "test_accuracy": 0.7668004631996155,
  "val_accuracy": 0.8635481595993042,
  "train_accuracy": 0.892015814781189,
  "best_epoch": 350,
  "training_time": 111.55052256584167,
  "num_parameters": 14863,
  "top1_acc": 0.7668004605242406,
  "top3_acc": 0.9253737816610416,
  "top5_acc": 0.9625193199381762,
  "hidden_channels": 128,
  "num_classes": 15,
  "num_nodes": 284290,
  "num_edges": 2942500
}