{
  "model": "GraphSAINT_node",
  "sampling_strategy": "node",
  "test_accuracy": 0.7643953561782837,
  "val_accuracy": 0.8466615080833435,
  "train_accuracy": 0.8932700753211975,
  "best_epoch": 93,
  "training_time": 48.824800968170166,
  "num_parameters": 29583,
  "top1_acc": 0.7643953561782837,
  "top3_acc": 0.9209460020065308,
  "top5_acc": 0.961320698261261,
  "hidden_channels": 128,
  "num_classes": 15,
  "num_nodes": 284290,
  "num_edges": 2942500,
  "random_seed": 42,
  "mlp_baseline": 0.6192355751991272,
  "improvement_over_mlp": 0.1451597809791565,
  "improvement_over_mlp_pct": 23.44177027175442,
  "gcn_baseline": 0.7667925953865051,
  "improvement_over_gcn": -0.0023972392082214355,
  "improvement_over_gcn_pct": -0.3126320236586396,
  "graphsage_baseline": 0.7608822584152222,
  "improvement_over_sage": 0.0035130977630615234,
  "improvement_over_sage_pct": 0.4617137177542634
}