{
  "model": "GraphSAINT_random_walk",
  "sampling_strategy": "random_walk",
  "test_accuracy": 0.7782386541366577,
  "val_accuracy": 0.8757764101028442,
  "train_accuracy": 0.9328577518463135,
  "best_epoch": 33,
  "training_time": 47.114487171173096,
  "num_parameters": 29583,
  "top1_acc": 0.7782386541366577,
  "top3_acc": 0.9203782081604004,
  "top5_acc": 0.958856463432312,
  "hidden_channels": 128,
  "num_classes": 15,
  "num_nodes": 284290,
  "num_edges": 2942500,
  "random_seed": 42,
  "mlp_baseline": 0.6192355751991272,
  "improvement_over_mlp": 0.15900307893753052,
  "improvement_over_mlp_pct": 25.677316566704032,
  "gcn_baseline": 0.7667925953865051,
  "improvement_over_gcn": 0.011446058750152588,
  "improvement_over_gcn_pct": 1.492718998464396,
  "graphsage_baseline": 0.7608822584152222,
  "improvement_over_sage": 0.017356395721435547,
  "improvement_over_sage_pct": 2.281088240588725
}