{
  "model": "GraphSage",
  "test_accuracy": 0.7608822584152222,
  "val_accuracy": 0.8666537404060364,
  "best_epoch": 347,
  "training_time": 127.87807726860046,
  "num_parameters": 29583,
  "top1_acc": 0.7605549947954452,
  "top3_acc": 0.9163801532977952,
  "top5_acc": 0.9574015077437467,
  "hidden_channels": 128,
  "num_classes": 15,
  "num_nodes": 284290,
  "num_edges": 2942500
}