{
  "model": "GraphSAINT_random_walk",
  "sampling_strategy": "random_walk",
  "test_accuracy": 0.7715397477149963,
  "val_accuracy": 0.8790761232376099,
  "train_accuracy": 0.9313682913780212,
  "best_epoch": 43,
  "training_time": 53.00427460670471,
  "num_parameters": 29583,
  "top1_acc": 0.7715397477149963,
  "top3_acc": 0.9169479608535767,
  "top5_acc": 0.9571649432182312,
  "hidden_channels": 128,
  "num_classes": 15,
  "num_nodes": 284290,
  "num_edges": 2942500,
  "random_seed": 42,
  "mlp_baseline": 0.6192355751991272,
  "improvement_over_mlp": 0.15230417251586914,
  "improvement_over_mlp_pct": 24.59551398785394,
  "gcn_baseline": 0.7668004631996155,
  "improvement_over_gcn": 0.004739284515380859,
  "improvement_over_gcn_pct": 0.6180596834286363,
  "graphsage_baseline": 0.7608822584152222,
  "improvement_over_sage": 0.01065748929977417,
  "improvement_over_sage_pct": 1.400675226936131
}