{
  "model": "GraphSAINT_random_walk",
  "sampling_strategy": "random_walk",
  "test_accuracy": 0.7715397477149963,
  "val_accuracy": 0.8790761232376099,
  "train_accuracy": 0.9313682913780212,
  "best_epoch": 43,
  "training_time": 53.00427460670471,
  "num_parameters": 29583,
  "top1_acc": 0.7715397477149963,
  "top3_acc": 0.9169479608535767,
  "top5_acc": 0.9571649432182312,
  "hidden_channels": 128,
  "num_classes": 15,
  "num_nodes": 284290,
  "num_edges": 2942500,
  "random_seed": 42
}