{
  "model": "GraphSAINT_node",
  "sampling_strategy": "node",
  "test_accuracy": 0.7640838623046875,
  "val_accuracy": 0.8454968929290771,
  "train_accuracy": 0.8889585733413696,
  "best_epoch": 36,
  "training_time": 29.515592098236084,
  "num_parameters": 29583,
  "top1_acc": 0.7640838623046875,
  "top3_acc": 0.9222510457038879,
  "top5_acc": 0.9624365568161011,
  "hidden_channels": 128,
  "num_classes": 15,
  "num_nodes": 284290,
  "num_edges": 2942500,
  "random_seed": 42
}