{
  "experiment": "Edge Sensitivity Analysis",
  "models_tested": [
    "GCN",
    "GraphSAGE",
    "GraphSAINT-RW",
    "GraphSAINT-Node"
  ],
  "sparsification": {
    "removal_rates": [
      0.0,
      0.1,
      0.25,
      0.5,
      0.75,
      0.9
    ],
    "results": {
      "GCN": [
        0.7668004631996155,
        0.7621085047721863,
        0.753221333026886,
        0.7295248508453369,
        0.6813393235206604,
        0.6162587404251099
      ],
      "GraphSAGE": [
        0.7605550289154053,
        0.7548063397407532,
        0.744342029094696,
        0.7153897285461426,
        0.6527142524719238,
        0.557466983795166
      ],
      "GraphSAINT-RW": [
        0.7715397477149963,
        0.7653928995132446,
        0.754439651966095,
        0.7259131669998169,
        0.6625792384147644,
        0.5650529861450195
      ],
      "GraphSAINT-Node": [
        0.7640838623046875,
        0.7607008814811707,
        0.755630373954773,
        0.7404386401176453,
        0.710240364074707,
        0.6649725437164307
      ]
    }
  },
  "noise_injection": {
    "addition_rates": [
      0.0,
      0.1,
      0.25,
      0.5,
      1.0
    ],
    "results": {
      "GCN": [
        0.7668004631996155,
        0.6873205900192261,
        0.6277363300323486,
        0.5749534964561462,
        0.5079448223114014
      ],
      "GraphSAGE": [
        0.7605550289154053,
        0.6904551982879639,
        0.6461573243141174,
        0.6158920526504517,
        0.5844557285308838
      ],
      "GraphSAINT-RW": [
        0.7715397477149963,
        0.7015227675437927,
        0.6516417860984802,
        0.6122922301292419,
        0.5643038749694824
      ],
      "GraphSAINT-Node": [
        0.7640838623046875,
        0.7008761167526245,
        0.6589006185531616,
        0.6274406313896179,
        0.5924360752105713
      ]
    }
  },
  "degradation_analysis": {
    "sparsification_90pct": {
      "GCN": {
        "baseline": 0.7668004631996155,
        "degraded": 0.6162587404251099,
        "drop": 0.15054172277450562
      },
      "GraphSAGE": {
        "baseline": 0.7605550289154053,
        "degraded": 0.557466983795166,
        "drop": 0.20308804512023926
      },
      "GraphSAINT-RW": {
        "baseline": 0.7715397477149963,
        "degraded": 0.5650529861450195,
        "drop": 0.2064867615699768
      },
      "GraphSAINT-Node": {
        "baseline": 0.7640838623046875,
        "degraded": 0.6649725437164307,
        "drop": 0.09911131858825684
      }
    },
    "noise_100pct": {
      "GCN": {
        "baseline": 0.7668004631996155,
        "degraded": 0.5079448223114014,
        "drop": 0.2588556408882141
      },
      "GraphSAGE": {
        "baseline": 0.7605550289154053,
        "degraded": 0.5844557285308838,
        "drop": 0.17609930038452148
      },
      "GraphSAINT-RW": {
        "baseline": 0.7715397477149963,
        "degraded": 0.5643038749694824,
        "drop": 0.20723587274551392
      },
      "GraphSAINT-Node": {
        "baseline": 0.7640838623046875,
        "degraded": 0.5924360752105713,
        "drop": 0.1716477870941162
      }
    }
  }
}